,Produk,Harga,Rating,Foto
0,Nike V5 RNR Women's,Rp 1.399.000,,/_next/image?url=https%3A%2F%2Fimages.jdsports.id%2Fi%2Fjdid%2Fjd_HQ7901-200_bl%3Fw%3D400%26resmode%3Dsharp%26qlt%3D90%26fmt%3Djpg&w=3840&q=75
1,Nike Vomero 5 Junior,Rp 1.299.000,(5/5),/_next/image?url=https%3A%2F%2Fimages.jdsports.id%2Fi%2Fjdid%2Fjd_IM9467-001_bl%3Fw%3D400%26resmode%3Dsharp%26qlt%3D90%26fmt%3Djpg&w=3840&q=75
2,On Cloudsurfer Next,Rp 2.500.000,(5/5),/_next/image?url=https%3A%2F%2Fimages.jdsports.id%2Fi%2Fjdid%2Fjd_3ME30513714_bl%3Fw%3D400%26resmode%3Dsharp%26qlt%3D90%26fmt%3Djpg&w=3840&q=75
3,New Balance 740 Children,Rp 1.199.000,,/_next/image?url=https%3A%2F%2Fimages.jdsports.id%2Fi%2Fjdid%2Fjd_PZ740WN_bl%3Fw%3D400%26resmode%3Dsharp%26qlt%3D90%26fmt%3Djpg&w=3840&q=75
4,adidas Originals Samba OG Children,Rp 850.000,,/_next/image?url=https%3A%2F%2Fimages.jdsports.id%2Fi%2Fjdid%2Fjd_IE3677_bl%3Fw%3D400%26resmode%3Dsharp%26qlt%3D90%26fmt%3Djpg&w=3840&q=75
5,Nike Vomero 5 Junior,Rp 1.499.000,,/_next/image?url=https%3A%2F%2Fimages.jdsports.id%2Fi%2Fjdid%2Fjd_HF6998-007_bl%3Fw%3D400%26resmode%3Dsharp%26qlt%3D90%26fmt%3Djpg&w=3840&q=75
6,New Balance 530 Women's,Rp 1.699.000,(5/5),/_next/image?url=https%3A%2F%2Fimages.jdsports.id%2Fi%2Fjdid%2Fjd_MR530MM_bl%3Fw%3D400%26resmode%3Dsharp%26qlt%3D90%26fmt%3Djpg&w=3840&q=75
7,On Cloudtilt,Rp 2.700.000,,/_next/image?url=https%3A%2F%2Fimages.jdsports.id%2Fi%2Fjdid%2Fjd_3WE10052531_bl%3Fw%3D400%26resmode%3Dsharp%26qlt%3D90%26fmt%3Djpg&w=3840&q=75
8,New Balance 530,Rp 1.699.000,(5/5),/_next/image?url=https%3A%2F%2Fimages.jdsports.id%2Fi%2Fjdid%2Fjd_MR530SG_bl%3Fw%3D400%26resmode%3Dsharp%26qlt%3D90%26fmt%3Djpg&w=3840&q=75
9,Salomon XT 6 Expanse,Rp 3.499.000,,/_next/image?url=https%3A%2F%2Fimages.jdsports.id%2Fi%2Fjdid%2Fjd_L41741300_bl%3Fw%3D400%26resmode%3Dsharp%26qlt%3D90%26fmt%3Djpg&w=3840&q=75
10,adidas Originals Samba OG Junior,Rp 1.100.000,,/_next/image?url=https%3A%2F%2Fimages.jdsports.id%2Fi%2Fjdid%2Fjd_IE3676_bl%3Fw%3D400%26resmode%3Dsharp%26qlt%3D90%26fmt%3Djpg&w=3840&q=75
11,Crep Protect Pills,JD Exclusive,,/_next/image?url=https%3A%2F%2Fimages.jdsports.id%2Fi%2Fjdid%2Fjd_268017_bl%3Fw%3D400%26resmode%3Dsharp%26qlt%3D90%26fmt%3Djpg&w=3840&q=75
12,Asics Gel Kayano 14,Rp 2.399.000,(5/5),/_next/image?url=https%3A%2F%2Fimages.jdsports.id%2Fi%2Fjdid%2Fjd_1203A537-024_bl%3Fw%3D400%26resmode%3Dsharp%26qlt%3D90%26fmt%3Djpg&w=3840&q=75
13,Jordan Air 1 Low Infant,Rp 729.000,,/_next/image?url=https%3A%2F%2Fimages.jdsports.id%2Fi%2Fjdid%2Fjd_DR9747-149_bl%3Fw%3D400%26resmode%3Dsharp%26qlt%3D90%26fmt%3Djpg&w=3840&q=75
14,On Cloudvista 2 Women's,Rp 2.500.000,,/_next/image?url=https%3A%2F%2Fimages.jdsports.id%2Fi%2Fjdid%2Fjd_3WE30131043_bl%3Fw%3D400%26resmode%3Dsharp%26qlt%3D90%26fmt%3Djpg&w=3840&q=75
15,On Cloud 6 ,Rp 2.500.000,(5/5),/_next/image?url=https%3A%2F%2Fimages.jdsports.id%2Fi%2Fjdid%2Fjd_3MF10071043_bl%3Fw%3D400%26resmode%3Dsharp%26qlt%3D90%26fmt%3Djpg&w=3840&q=75
16,New Balance 740 ,Rp 1.799.000,(5/5),/_next/image?url=https%3A%2F%2Fimages.jdsports.id%2Fi%2Fjdid%2Fjd_U740NW2_bl%3Fw%3D400%26resmode%3Dsharp%26qlt%3D90%26fmt%3Djpg&w=3840&q=75
17,Nike Air Max Moto ,Rp 1.999.000,(5/5),/_next/image?url=https%3A%2F%2Fimages.jdsports.id%2Fi%2Fjdid%2Fjd_IO9279-100_bl%3Fw%3D400%26resmode%3Dsharp%26qlt%3D90%26fmt%3Djpg&w=3840&q=75
18,On Cloudswift Junior,Rp 1.800.000,(5/5),/_next/image?url=https%3A%2F%2Fimages.jdsports.id%2Fi%2Fjdid%2Fjd_3YF10010106_bl%3Fw%3D400%26resmode%3Dsharp%26qlt%3D90%26fmt%3Djpg&w=3840&q=75
19,Asics Gel-Nunobiki White Ribbon Laces,Rp 1.699.000,(5/5),/_next/image?url=https%3A%2F%2Fimages.jdsports.id%2Fi%2Fjdid%2Fjd_1203A753100_bl%3Fw%3D400%26resmode%3Dsharp%26qlt%3D90%26fmt%3Djpg&w=3840&q=75
20,New Balance 740 Women's,Rp 1.899.000,(5/5),/_next/image?url=https%3A%2F%2Fimages.jdsports.id%2Fi%2Fjdid%2Fjd_U740IC2_bl%3Fw%3D400%26resmode%3Dsharp%26qlt%3D90%26fmt%3Djpg&w=3840&q=75
21,New Balance 530 Children ,Rp 1.099.000,(5/5),/_next/image?url=https%3A%2F%2Fimages.jdsports.id%2Fi%2Fjdid%2Fjd_PZ530GK_bl%3Fw%3D400%26resmode%3Dsharp%26qlt%3D90%26fmt%3Djpg&w=3840&q=75
22,New Balance 740 Children,Rp 1.199.000,,/_next/image?url=https%3A%2F%2Fimages.jdsports.id%2Fi%2Fjdid%2Fjd_PZ740BM_bl%3Fw%3D400%26resmode%3Dsharp%26qlt%3D90%26fmt%3Djpg&w=3840&q=75
23,On Cloud 6 Women's,Rp 2.500.000,(5/5),/_next/image?url=https%3A%2F%2Fimages.jdsports.id%2Fi%2Fjdid%2Fjd_3WF10064296_bl%3Fw%3D400%26resmode%3Dsharp%26qlt%3D90%26fmt%3Djpg&w=3840&q=75
24,New Balance 530 Children,Rp 1.099.000,,/_next/image?url=https%3A%2F%2Fimages.jdsports.id%2Fi%2Fjdid%2Fjd_PZ530UL_bl%3Fw%3D400%26resmode%3Dsharp%26qlt%3D90%26fmt%3Djpg&w=3840&q=75
25,On Cloudtilt Women's,Rp 2.700.000,(5/5),/_next/image?url=https%3A%2F%2Fimages.jdsports.id%2Fi%2Fjdid%2Fjd_3WE10054161_bl%3Fw%3D400%26resmode%3Dsharp%26qlt%3D90%26fmt%3Djpg&w=3840&q=75
26,On Cloudmonster Void,Rp 3.000.000,,/_next/image?url=https%3A%2F%2Fimages.jdsports.id%2Fi%2Fjdid%2Fjd_3MF10671014_bl%3Fw%3D400%26resmode%3Dsharp%26qlt%3D90%26fmt%3Djpg&w=3840&q=75
27,On Cloud 6 ,Rp 2.500.000,,/_next/image?url=https%3A%2F%2Fimages.jdsports.id%2Fi%2Fjdid%2Fjd_3MF10070755_bl%3Fw%3D400%26resmode%3Dsharp%26qlt%3D90%26fmt%3Djpg&w=3840&q=75
28,On Cloud 6 ,Rp 2.500.000,(5/5),/_next/image?url=https%3A%2F%2Fimages.jdsports.id%2Fi%2Fjdid%2Fjd_3MF10070656_bl%3Fw%3D400%26resmode%3Dsharp%26qlt%3D90%26fmt%3Djpg&w=3840&q=75
29,On Cloud 6 Waterproof,Rp 2.900.000,(5/5),/_next/image?url=https%3A%2F%2Fimages.jdsports.id%2Fi%2Fjdid%2Fjd_3MF10063029_bl%3Fw%3D400%26resmode%3Dsharp%26qlt%3D90%26fmt%3Djpg&w=3840&q=75
30,On Cloudvista 2,Rp 2.500.000,(5/5),/_next/image?url=https%3A%2F%2Fimages.jdsports.id%2Fi%2Fjdid%2Fjd_3ME30110522_bl%3Fw%3D400%26resmode%3Dsharp%26qlt%3D90%26fmt%3Djpg&w=3840&q=75
31,On Cloudtilt ,Rp 2.700.000,(5/5),/_next/image?url=https%3A%2F%2Fimages.jdsports.id%2Fi%2Fjdid%2Fjd_3ME10102566_bl%3Fw%3D400%26resmode%3Dsharp%26qlt%3D90%26fmt%3Djpg&w=3840&q=75
32,Nike Rejuven 8 ,Rp 1.069.000,,/_next/image?url=https%3A%2F%2Fimages.jdsports.id%2Fi%2Fjdid%2Fjd_HV5060-602_bl%3Fw%3D400%26resmode%3Dsharp%26qlt%3D90%26fmt%3Djpg&w=3840&q=75
33,New Balance 530,Rp 1.699.000,(5/5),/_next/image?url=https%3A%2F%2Fimages.jdsports.id%2Fi%2Fjdid%2Fjd_MR530EMA_bl%3Fw%3D400%26resmode%3Dsharp%26qlt%3D90%26fmt%3Djpg&w=3840&q=75
34,Nike P-6000,Rp 1.429.000,(5/5),/_next/image?url=https%3A%2F%2Fimages.jdsports.id%2Fi%2Fjdid%2Fjd_CD6404-107_bl%3Fw%3D400%26resmode%3Dsharp%26qlt%3D90%26fmt%3Djpg&w=3840&q=75
35,adidas Originals Bermuda Women's,Rp 1.700.000,,/_next/image?url=https%3A%2F%2Fimages.jdsports.id%2Fi%2Fjdid%2Fjd_JS3968_bl%3Fw%3D400%26resmode%3Dsharp%26qlt%3D90%26fmt%3Djpg&w=3840&q=75
36,Nike Vomero 5,Rp 2.489.000,,/_next/image?url=https%3A%2F%2Fimages.jdsports.id%2Fi%2Fjdid%2Fjd_FB9149-103_bl%3Fw%3D400%26resmode%3Dsharp%26qlt%3D90%26fmt%3Djpg&w=3840&q=75
37,On Cloud 6 ,Rp 2.500.000,(5/5),/_next/image?url=https%3A%2F%2Fimages.jdsports.id%2Fi%2Fjdid%2Fjd_3MF10070299_bl%3Fw%3D400%26resmode%3Dsharp%26qlt%3D90%26fmt%3Djpg&w=3840&q=75
38,Asics Gel Nyc Steel Women's,Rp 2.299.000,,/_next/image?url=https%3A%2F%2Fimages.jdsports.id%2Fi%2Fjdid%2Fjd_1203A739-020_bl%3Fw%3D400%26resmode%3Dsharp%26qlt%3D90%26fmt%3Djpg&w=3840&q=75
39,On Cloudtilt Women's,Rp 2.700.000,(5/5),/_next/image?url=https%3A%2F%2Fimages.jdsports.id%2Fi%2Fjdid%2Fjd_3WE10054312_bl%3Fw%3D400%26resmode%3Dsharp%26qlt%3D90%26fmt%3Djpg&w=3840&q=75
40,Nike V5 RNR Women's,Rp 1.399.000,,/_next/image?url=https%3A%2F%2Fimages.jdsports.id%2Fi%2Fjdid%2Fjd_II6294-600_bl%3Fw%3D400%26resmode%3Dsharp%26qlt%3D90%26fmt%3Djpg&w=3840&q=75
41,New Balance 204L,Rp 1.699.000,(5/5),/_next/image?url=https%3A%2F%2Fimages.jdsports.id%2Fi%2Fjdid%2Fjd_U204LSWD_bl%3Fw%3D400%26resmode%3Dsharp%26qlt%3D90%26fmt%3Djpg&w=3840&q=75
42,On Cloudmonster,Rp 3.000.000,(5/5),/_next/image?url=https%3A%2F%2Fimages.jdsports.id%2Fi%2Fjdid%2Fjd_547109_bl%3Fw%3D400%26resmode%3Dsharp%26qlt%3D90%26fmt%3Djpg&w=3840&q=75
43,On Cloudmonster Void,Rp 3.000.000,(5/5),/_next/image?url=https%3A%2F%2Fimages.jdsports.id%2Fi%2Fjdid%2Fjd_3MF10671043_bl%3Fw%3D400%26resmode%3Dsharp%26qlt%3D90%26fmt%3Djpg&w=3840&q=75
44,On Cloudsurfer,Rp 2.500.000,,/_next/image?url=https%3A%2F%2Fimages.jdsports.id%2Fi%2Fjdid%2Fjd_707250_bl%3Fw%3D400%26resmode%3Dsharp%26qlt%3D90%26fmt%3Djpg&w=3840&q=75
45,Nike Vomero 18,Rp 2.249.000,,/_next/image?url=https%3A%2F%2Fimages.jdsports.id%2Fi%2Fjdid%2Fjd_HM6803-014_bl%3Fw%3D400%26resmode%3Dsharp%26qlt%3D90%26fmt%3Djpg&w=3840&q=75
46,Nike Vomero 18,Rp 2.249.000,,/_next/image?url=https%3A%2F%2Fimages.jdsports.id%2Fi%2Fjdid%2Fjd_HM6803-012_bl%3Fw%3D400%26resmode%3Dsharp%26qlt%3D90%26fmt%3Djpg&w=3840&q=75
47,Nike Journey Run,Rp 1.399.000,,/_next/image?url=https%3A%2F%2Fimages.jdsports.id%2Fi%2Fjdid%2Fjd_FN0228-302_bl%3Fw%3D400%26resmode%3Dsharp%26qlt%3D90%26fmt%3Djpg&w=3840&q=75
48,Nike Journey Run,Rp 1.399.000,,/_next/image?url=https%3A%2F%2Fimages.jdsports.id%2Fi%2Fjdid%2Fjd_FN0228-110_bl%3Fw%3D400%26resmode%3Dsharp%26qlt%3D90%26fmt%3Djpg&w=3840&q=75
49,Jordan Air 1 Brooklyn Women's,Rp 2.629.000,,/_next/image?url=https%3A%2F%2Fimages.jdsports.id%2Fi%2Fjdid%2Fjd_FJ5737-001_bl%3Fw%3D400%26resmode%3Dsharp%26qlt%3D90%26fmt%3Djpg&w=3840&q=75
50,Nike Air Max 95 ,Rp 2.849.000,(5/5),/_next/image?url=https%3A%2F%2Fimages.jdsports.id%2Fi%2Fjdid%2Fjd_773098_bl%3Fw%3D400%26resmode%3Dsharp%26qlt%3D90%26fmt%3Djpg&w=3840&q=75
51,Nike Air Max 95,Rp 2.849.000,(5/5),/_next/image?url=https%3A%2F%2Fimages.jdsports.id%2Fi%2Fjdid%2Fjd_773097_bl%3Fw%3D400%26resmode%3Dsharp%26qlt%3D90%26fmt%3Djpg&w=3840&q=75
52,Nike P 6000 Vast Junior,Rp 1.329.000,(5/5),/_next/image?url=https%3A%2F%2Fimages.jdsports.id%2Fi%2Fjdid%2Fjd_HV5064-008_bl%3Fw%3D400%26resmode%3Dsharp%26qlt%3D90%26fmt%3Djpg&w=3840&q=75
53,Jordan Air 1 Low,Rp 1.939.000,(5/5),/_next/image?url=https%3A%2F%2Fimages.jdsports.id%2Fi%2Fjdid%2Fjd_773556_bl%3Fw%3D400%26resmode%3Dsharp%26qlt%3D90%26fmt%3Djpg&w=3840&q=75
54,Nike V5 RNR Infant,Rp 849.000,,/_next/image?url=https%3A%2F%2Fimages.jdsports.id%2Fi%2Fjdid%2Fjd_HQ6413-500_bl%3Fw%3D400%26resmode%3Dsharp%26qlt%3D90%26fmt%3Djpg&w=3840&q=75
55,Nike V5 RNR Infant,Rp 849.000,(5/5),/_next/image?url=https%3A%2F%2Fimages.jdsports.id%2Fi%2Fjdid%2Fjd_HQ6413-100_bl%3Fw%3D400%26resmode%3Dsharp%26qlt%3D90%26fmt%3Djpg&w=3840&q=75
56,Nike V5 RNR Children ,Rp 909.000,,/_next/image?url=https%3A%2F%2Fimages.jdsports.id%2Fi%2Fjdid%2Fjd_HQ6412-500_bl%3Fw%3D400%26resmode%3Dsharp%26qlt%3D90%26fmt%3Djpg&w=3840&q=75
57,Nike V5 RNR Children,Rp 909.000,,/_next/image?url=https%3A%2F%2Fimages.jdsports.id%2Fi%2Fjdid%2Fjd_HQ6412-100_bl%3Fw%3D400%26resmode%3Dsharp%26qlt%3D90%26fmt%3Djpg&w=3840&q=75
58,Nike Pegasus Premium ,Rp 3.299.000,,/_next/image?url=https%3A%2F%2Fimages.jdsports.id%2Fi%2Fjdid%2Fjd_HQ2592-300_bl%3Fw%3D400%26resmode%3Dsharp%26qlt%3D90%26fmt%3Djpg&w=3840&q=75
59,Nike Pegasus Premium,Rp 3.299.000,,/_next/image?url=https%3A%2F%2Fimages.jdsports.id%2Fi%2Fjdid%2Fjd_HQ2592-005_bl%3Fw%3D400%26resmode%3Dsharp%26qlt%3D90%26fmt%3Djpg&w=3840&q=75
60,Nike Shox R4 ,Rp 2.379.000,(5/5),/_next/image?url=https%3A%2F%2Fimages.jdsports.id%2Fi%2Fjdid%2Fjd_HQ1988-400_bl%3Fw%3D400%26resmode%3Dsharp%26qlt%3D90%26fmt%3Djpg&w=3840&q=75
61,Nike V5 RNR,Rp 1.399.000,,/_next/image?url=https%3A%2F%2Fimages.jdsports.id%2Fi%2Fjdid%2Fjd_HJ5228-400_bl%3Fw%3D400%26resmode%3Dsharp%26qlt%3D90%26fmt%3Djpg&w=3840&q=75
62,Nike V5 RNR,Rp 1.399.000,,/_next/image?url=https%3A%2F%2Fimages.jdsports.id%2Fi%2Fjdid%2Fjd_HJ5228-105_bl%3Fw%3D400%26resmode%3Dsharp%26qlt%3D90%26fmt%3Djpg&w=3840&q=75
63,Nike Star Runner 5 Junior,Rp 849.000,,/_next/image?url=https%3A%2F%2Fimages.jdsports.id%2Fi%2Fjdid%2Fjd_HF7004-002_bl%3Fw%3D400%26resmode%3Dsharp%26qlt%3D90%26fmt%3Djpg&w=3840&q=75
64,Nike Pegasus 41 Junior,Rp 1.429.000,,/_next/image?url=https%3A%2F%2Fimages.jdsports.id%2Fi%2Fjdid%2Fjd_FN5041-803_bl%3Fw%3D400%26resmode%3Dsharp%26qlt%3D90%26fmt%3Djpg&w=3840&q=75
65,Nike Journey Run,Rp 1.399.000,,/_next/image?url=https%3A%2F%2Fimages.jdsports.id%2Fi%2Fjdid%2Fjd_FN0228-001_bl%3Fw%3D400%26resmode%3Dsharp%26qlt%3D90%26fmt%3Djpg&w=3840&q=75
66,Nike Air Winflo 11 ,Rp 1.549.000,,/_next/image?url=https%3A%2F%2Fimages.jdsports.id%2Fi%2Fjdid%2Fjd_FJ9509-001_bl%3Fw%3D400%26resmode%3Dsharp%26qlt%3D90%26fmt%3Djpg&w=3840&q=75
67,Jordan Air 1 Low Children,Rp 909.000,,/_next/image?url=https%3A%2F%2Fimages.jdsports.id%2Fi%2Fjdid%2Fjd_DR9748-614_bl%3Fw%3D400%26resmode%3Dsharp%26qlt%3D90%26fmt%3Djpg&w=3840&q=75
68,Jordan Air Low 1 Infant,Rp 729.000,,/_next/image?url=https%3A%2F%2Fimages.jdsports.id%2Fi%2Fjdid%2Fjd_DR9747-614_bl%3Fw%3D400%26resmode%3Dsharp%26qlt%3D90%26fmt%3Djpg&w=3840&q=75
69,Jordan Air 1 Low Women's,Rp 1.729.000,,/_next/image?url=https%3A%2F%2Fimages.jdsports.id%2Fi%2Fjdid%2Fjd_DC0774-605_bl%3Fw%3D400%26resmode%3Dsharp%26qlt%3D90%26fmt%3Djpg&w=3840&q=75
70,Jordan Air 1 Low Junior,Rp 1.349.000,,/_next/image?url=https%3A%2F%2Fimages.jdsports.id%2Fi%2Fjdid%2Fjd_553560-614_bl%3Fw%3D400%26resmode%3Dsharp%26qlt%3D90%26fmt%3Djpg&w=3840&q=75
71,Jordan Air 1 Low,Rp 1.729.000,,/_next/image?url=https%3A%2F%2Fimages.jdsports.id%2Fi%2Fjdid%2Fjd_553558-040_bl%3Fw%3D400%26resmode%3Dsharp%26qlt%3D90%26fmt%3Djpg&w=3840&q=75
72,On Cloud 6 Women's,Rp 2.500.000,,/_next/image?url=https%3A%2F%2Fimages.jdsports.id%2Fi%2Fjdid%2Fjd_3WF10064297_bl%3Fw%3D400%26resmode%3Dsharp%26qlt%3D90%26fmt%3Djpg&w=3840&q=75
73,On Cloud 6 Women's,Rp 2.500.000,,/_next/image?url=https%3A%2F%2Fimages.jdsports.id%2Fi%2Fjdid%2Fjd_3WF10061085_bl%3Fw%3D400%26resmode%3Dsharp%26qlt%3D90%26fmt%3Djpg&w=3840&q=75
74,On Cloudsurfer Next Women's,Rp 2.500.000,,/_next/image?url=https%3A%2F%2Fimages.jdsports.id%2Fi%2Fjdid%2Fjd_3WE30054292_bl%3Fw%3D400%26resmode%3Dsharp%26qlt%3D90%26fmt%3Djpg&w=3840&q=75
75,On Cloudmonster Women's,Rp 3.000.000,(5/5),/_next/image?url=https%3A%2F%2Fimages.jdsports.id%2Fi%2Fjdid%2Fjd_3WD10104038_bl%3Fw%3D400%26resmode%3Dsharp%26qlt%3D90%26fmt%3Djpg&w=3840&q=75
76,On Cloudmonster ,Rp 3.000.000,(5/5),/_next/image?url=https%3A%2F%2Fimages.jdsports.id%2Fi%2Fjdid%2Fjd_3MF31180991_bl%3Fw%3D400%26resmode%3Dsharp%26qlt%3D90%26fmt%3Djpg&w=3840&q=75
77,adidas Originals Handball Spezial Junior,Rp 1.300.000,,/_next/image?url=https%3A%2F%2Fimages.jdsports.id%2Fi%2Fjdid%2Fjd_JH8663_bl%3Fw%3D400%26resmode%3Dsharp%26qlt%3D90%26fmt%3Djpg&w=3840&q=75
78,adidas EP/SYST Shoe Bag,Rp 350.000,,/_next/image?url=https%3A%2F%2Fimages.jdsports.id%2Fi%2Fjdid%2Fjd_IM5233_bl%3Fw%3D400%26resmode%3Dsharp%26qlt%3D90%26fmt%3Djpg&w=3840&q=75
79,Nike Air Force 1 Children,Rp 999.000,,/_next/image?url=https%3A%2F%2Fimages.jdsports.id%2Fi%2Fjdid%2Fjd_IH4498-100_bl%3Fw%3D400%26resmode%3Dsharp%26qlt%3D90%26fmt%3Djpg&w=3840&q=75
80,adidas Originals Handball Spezial,Rp 1.900.000,(5/5),/_next/image?url=https%3A%2F%2Fimages.jdsports.id%2Fi%2Fjdid%2Fjd_IF7087_bl%3Fw%3D400%26resmode%3Dsharp%26qlt%3D90%26fmt%3Djpg&w=3840&q=75
81,adidas Originals Samba OG Children,Rp 850.000,(5/5),/_next/image?url=https%3A%2F%2Fimages.jdsports.id%2Fi%2Fjdid%2Fjd_682072_bl%3Fw%3D400%26resmode%3Dsharp%26qlt%3D90%26fmt%3Djpg&w=3840&q=75
82,Nike Vomero Plus,Rp 2.629.000,,/_next/image?url=https%3A%2F%2Fimages.jdsports.id%2Fi%2Fjdid%2Fjd_HV8150-014_bl%3Fw%3D400%26resmode%3Dsharp%26qlt%3D90%26fmt%3Djpg&w=3840&q=75
83,Nike Vomero Plus,Rp 2.629.000,,/_next/image?url=https%3A%2F%2Fimages.jdsports.id%2Fi%2Fjdid%2Fjd_HV8150-002_bl%3Fw%3D400%26resmode%3Dsharp%26qlt%3D90%26fmt%3Djpg&w=3840&q=75
84,Nike Rejuven 8 Slide,Rp 1.069.000,,/_next/image?url=https%3A%2F%2Fimages.jdsports.id%2Fi%2Fjdid%2Fjd_HV5060-005_bl%3Fw%3D400%26resmode%3Dsharp%26qlt%3D90%26fmt%3Djpg&w=3840&q=75
85,Nike Rejuven 8 ,Rp 1.069.000,(5/5),/_next/image?url=https%3A%2F%2Fimages.jdsports.id%2Fi%2Fjdid%2Fjd_HV5060-001_bl%3Fw%3D400%26resmode%3Dsharp%26qlt%3D90%26fmt%3Djpg&w=3840&q=75
86,adidas Originals Campus 00S ,Rp 1.900.000,,/_next/image?url=https%3A%2F%2Fimages.jdsports.id%2Fi%2Fjdid%2Fjd_HQ8708_bl%3Fw%3D400%26resmode%3Dsharp%26qlt%3D90%26fmt%3Djpg&w=3840&q=75
87,Jordan MVP 92,Rp 2.249.000,,/_next/image?url=https%3A%2F%2Fimages.jdsports.id%2Fi%2Fjdid%2Fjd_HQ3950-004_bl%3Fw%3D400%26resmode%3Dsharp%26qlt%3D90%26fmt%3Djpg&w=3840&q=75
88,Nike Pegasus Premium,Rp 3.299.000,,/_next/image?url=https%3A%2F%2Fimages.jdsports.id%2Fi%2Fjdid%2Fjd_HQ2592-601_bl%3Fw%3D400%26resmode%3Dsharp%26qlt%3D90%26fmt%3Djpg&w=3840&q=75
89,Nike Pegasus Premium,Rp 3.299.000,,/_next/image?url=https%3A%2F%2Fimages.jdsports.id%2Fi%2Fjdid%2Fjd_780515_bl%3Fw%3D400%26resmode%3Dsharp%26qlt%3D90%26fmt%3Djpg&w=3840&q=75
90,Nike Ava Rover Junior,Rp 1.729.000,,/_next/image?url=https%3A%2F%2Fimages.jdsports.id%2Fi%2Fjdid%2Fjd_HF6331-201_bl%3Fw%3D400%26resmode%3Dsharp%26qlt%3D90%26fmt%3Djpg&w=3840&q=75
91,Nike Ava Rover Junior,Rp 1.729.000,,/_next/image?url=https%3A%2F%2Fimages.jdsports.id%2Fi%2Fjdid%2Fjd_HF6331-002_bl%3Fw%3D400%26resmode%3Dsharp%26qlt%3D90%26fmt%3Djpg&w=3840&q=75
92,Jordan Flight Court,Rp 1.549.000,,/_next/image?url=https%3A%2F%2Fimages.jdsports.id%2Fi%2Fjdid%2Fjd_HF3255-040_bl%3Fw%3D400%26resmode%3Dsharp%26qlt%3D90%26fmt%3Djpg&w=3840&q=75
93,Jordan Spizike Low,Rp 2.489.000,,/_next/image?url=https%3A%2F%2Fimages.jdsports.id%2Fi%2Fjdid%2Fjd_FQ1759-005_bl%3Fw%3D400%26resmode%3Dsharp%26qlt%3D90%26fmt%3Djpg&w=3840&q=75
94,Nike Quest,Rp 1.199.000,,/_next/image?url=https%3A%2F%2Fimages.jdsports.id%2Fi%2Fjdid%2Fjd_FD6033-110_bl%3Fw%3D400%26resmode%3Dsharp%26qlt%3D90%26fmt%3Djpg&w=3840&q=75
95,Nike Quest 6,Rp 1.199.000,,/_next/image?url=https%3A%2F%2Fimages.jdsports.id%2Fi%2Fjdid%2Fjd_FD6033-001_bl%3Fw%3D400%26resmode%3Dsharp%26qlt%3D90%26fmt%3Djpg&w=3840&q=75
96,Nike Dunk Low Women's,Rp 1.549.000,,/_next/image?url=https%3A%2F%2Fimages.jdsports.id%2Fi%2Fjdid%2Fjd_DD1873-113_bl%3Fw%3D400%26resmode%3Dsharp%26qlt%3D90%26fmt%3Djpg&w=3840&q=75
97,adidas EP/SYST Shoe Bag M,Rp 400.000,,/_next/image?url=https%3A%2F%2Fimages.jdsports.id%2Fi%2Fjdid%2Fjd_JZ2104_bl%3Fw%3D400%26resmode%3Dsharp%26qlt%3D90%26fmt%3Djpg&w=3840&q=75
98,Nike Mini Shoe Box Cross Body Bag,,,/_next/image?url=https%3A%2F%2Fimages.jdsports.id%2Fi%2Fjdid%2Fjd_FN3059-010_bl%3Fw%3D400%26resmode%3Dsharp%26qlt%3D90%26fmt%3Djpg&w=3840&q=75
99,Crep Protect Spray,Rp 300.000,(5/5),/_next/image?url=https%3A%2F%2Fimages.jdsports.id%2Fi%2Fjdid%2Fjd_110853_bl%3Fw%3D400%26resmode%3Dsharp%26qlt%3D90%26fmt%3Djpg&w=3840&q=75
100,Jordan Air 1 Low Junior,Rp 1.349.000,,/_next/image?url=https%3A%2F%2Fimages.jdsports.id%2Fi%2Fjdid%2Fjd_553560-133_bl%3Fw%3D400%26resmode%3Dsharp%26qlt%3D90%26fmt%3Djpg&w=3840&q=75
101,Jordan Air 1 ,Rp 1.729.000,,/_next/image?url=https%3A%2F%2Fimages.jdsports.id%2Fi%2Fjdid%2Fjd_553558-149_bl%3Fw%3D400%26resmode%3Dsharp%26qlt%3D90%26fmt%3Djpg&w=3840&q=75
102,Jordan Air 1 Low ,Rp 1.729.000,,/_next/image?url=https%3A%2F%2Fimages.jdsports.id%2Fi%2Fjdid%2Fjd_553558-133_bl%3Fw%3D400%26resmode%3Dsharp%26qlt%3D90%26fmt%3Djpg&w=3840&q=75
103,Puma Speedcat Ballet Women's,Rp 1.299.000,(5/5),/_next/image?url=https%3A%2F%2Fimages.jdsports.id%2Fi%2Fjdid%2Fjd_401287-07_bl%3Fw%3D400%26resmode%3Dsharp%26qlt%3D90%26fmt%3Djpg&w=3840&q=75
104,Puma Speedcat Ballet Women's,Rp 1.299.000,(5/5),/_next/image?url=https%3A%2F%2Fimages.jdsports.id%2Fi%2Fjdid%2Fjd_401287-06_bl%3Fw%3D400%26resmode%3Dsharp%26qlt%3D90%26fmt%3Djpg&w=3840&q=75
105,Puma Speedcat Ballet Women's,Rp 1.299.000,(5/5),/_next/image?url=https%3A%2F%2Fimages.jdsports.id%2Fi%2Fjdid%2Fjd_401287-01_bl%3Fw%3D400%26resmode%3Dsharp%26qlt%3D90%26fmt%3Djpg&w=3840&q=75
106,Jordan Air 1 Low Women's,Rp 1.939.000,,/_next/image?url=https%3A%2F%2Fimages.jdsports.id%2Fi%2Fjdid%2Fjd_IQ9381-100_bl%3Fw%3D400%26resmode%3Dsharp%26qlt%3D90%26fmt%3Djpg&w=3840&q=75
107,Nike Air Winflo 11,Rp 1.549.000,,/_next/image?url=https%3A%2F%2Fimages.jdsports.id%2Fi%2Fjdid%2Fjd_FJ9509-002_bl%3Fw%3D400%26resmode%3Dsharp%26qlt%3D90%26fmt%3Djpg&w=3840&q=75
108,adidas Predator Sala Better ,Rp 2.200.000,,/_next/image?url=https%3A%2F%2Fimages.jdsports.id%2Fi%2Fjdid%2Fjd_JR9973_bl%3Fw%3D400%26resmode%3Dsharp%26qlt%3D90%26fmt%3Djpg&w=3840&q=75
109,adidas Predator Sala ,Rp 2.200.000,,/_next/image?url=https%3A%2F%2Fimages.jdsports.id%2Fi%2Fjdid%2Fjd_JR9972_bl%3Fw%3D400%26resmode%3Dsharp%26qlt%3D90%26fmt%3Djpg&w=3840&q=75
110,Nike Vomero 5 Women's,Rp 2.669.000,,/_next/image?url=https%3A%2F%2Fimages.jdsports.id%2Fi%2Fjdid%2Fjd_II6236-500_bl%3Fw%3D400%26resmode%3Dsharp%26qlt%3D90%26fmt%3Djpg&w=3840&q=75
111,adidas Originals SL 72 Women's,Rp 1.800.000,,/_next/image?url=https%3A%2F%2Fimages.jdsports.id%2Fi%2Fjdid%2Fjd_IE3425_bl%3Fw%3D400%26resmode%3Dsharp%26qlt%3D90%26fmt%3Djpg&w=3840&q=75
112,Nike Air Max DN 8,Rp 3.049.000,(5/5),/_next/image?url=https%3A%2F%2Fimages.jdsports.id%2Fi%2Fjdid%2Fjd_HV4525-001_bl%3Fw%3D400%26resmode%3Dsharp%26qlt%3D90%26fmt%3Djpg&w=3840&q=75
113,adidas Adistar Xlg,Rp 2.500.000,,/_next/image?url=https%3A%2F%2Fimages.jdsports.id%2Fi%2Fjdid%2Fjd_HQ7555_bl%3Fw%3D400%26resmode%3Dsharp%26qlt%3D90%26fmt%3Djpg&w=3840&q=75
114,Nike Vomero 18 Junior,Rp 1.759.000,,/_next/image?url=https%3A%2F%2Fimages.jdsports.id%2Fi%2Fjdid%2Fjd_HQ2157-008_bl%3Fw%3D400%26resmode%3Dsharp%26qlt%3D90%26fmt%3Djpg&w=3840&q=75
115,Nike Vomero 18 ,Rp 2.249.000,,/_next/image?url=https%3A%2F%2Fimages.jdsports.id%2Fi%2Fjdid%2Fjd_HM6803-104_bl%3Fw%3D400%26resmode%3Dsharp%26qlt%3D90%26fmt%3Djpg&w=3840&q=75
116,Nike Cosmic Children,Rp 729.000,,/_next/image?url=https%3A%2F%2Fimages.jdsports.id%2Fi%2Fjdid%2Fjd_HM4400-103_bl%3Fw%3D400%26resmode%3Dsharp%26qlt%3D90%26fmt%3Djpg&w=3840&q=75
117,Nike kawa Slide Infant,Rp 329.000,(5/5),/_next/image?url=https%3A%2F%2Fimages.jdsports.id%2Fi%2Fjdid%2Fjd_FJ8811-002_bl%3Fw%3D400%26resmode%3Dsharp%26qlt%3D90%26fmt%3Djpg&w=3840&q=75
118,Nike Free Metcon,Rp 1.909.000,,/_next/image?url=https%3A%2F%2Fimages.jdsports.id%2Fi%2Fjdid%2Fjd_FJ7127-106_bl%3Fw%3D400%26resmode%3Dsharp%26qlt%3D90%26fmt%3Djpg&w=3840&q=75
119,Nike Metcon Women's,Rp 1.909.000,,/_next/image?url=https%3A%2F%2Fimages.jdsports.id%2Fi%2Fjdid%2Fjd_FJ7126-012_bl%3Fw%3D400%26resmode%3Dsharp%26qlt%3D90%26fmt%3Djpg&w=3840&q=75
120,Crocs Classic Clog Junior,Rp 759.000,(5/5),/_next/image?url=https%3A%2F%2Fimages.jdsports.id%2Fi%2Fjdid%2Fjd_632539_bl%3Fw%3D400%26resmode%3Dsharp%26qlt%3D90%26fmt%3Djpg&w=3840&q=75
121,Under Armour Essential Low Cut 3 Packs Socks,Rp 259.000,,/_next/image?url=https%3A%2F%2Fimages.jdsports.id%2Fi%2Fjdid%2Fjd_1382958-001_bl%3Fw%3D400%26resmode%3Dsharp%26qlt%3D90%26fmt%3Djpg&w=3840&q=75
122,Crocs Classic,Rp 999.000,(5/5),/_next/image?url=https%3A%2F%2Fimages.jdsports.id%2Fi%2Fjdid%2Fjd_10001-2Y2_bl%3Fw%3D400%26resmode%3Dsharp%26qlt%3D90%26fmt%3Djpg&w=3840&q=75
123,New Balance 327 Women's,Rp 1.799.000,,/_next/image?url=https%3A%2F%2Fimages.jdsports.id%2Fi%2Fjdid%2Fjd_WS327KG_bl%3Fw%3D400%26resmode%3Dsharp%26qlt%3D90%26fmt%3Djpg&w=3840&q=75
124,New Balance 327 Women's,Rp 1.799.000,,/_next/image?url=https%3A%2F%2Fimages.jdsports.id%2Fi%2Fjdid%2Fjd_WS327KE_bl%3Fw%3D400%26resmode%3Dsharp%26qlt%3D90%26fmt%3Djpg&w=3840&q=75
125,New Balance 740,Rp 1.899.000,,/_next/image?url=https%3A%2F%2Fimages.jdsports.id%2Fi%2Fjdid%2Fjd_U740SN2_bl%3Fw%3D400%26resmode%3Dsharp%26qlt%3D90%26fmt%3Djpg&w=3840&q=75
126,New Balance 740,Rp 1.899.000,,/_next/image?url=https%3A%2F%2Fimages.jdsports.id%2Fi%2Fjdid%2Fjd_U740SF2_bl%3Fw%3D400%26resmode%3Dsharp%26qlt%3D90%26fmt%3Djpg&w=3840&q=75
127,New Balance 740 Women's,Rp 1.899.000,,/_next/image?url=https%3A%2F%2Fimages.jdsports.id%2Fi%2Fjdid%2Fjd_U740SA2_bl%3Fw%3D400%26resmode%3Dsharp%26qlt%3D90%26fmt%3Djpg&w=3840&q=75
128,New Balance 740 Women's,Rp 1.899.000,,/_next/image?url=https%3A%2F%2Fimages.jdsports.id%2Fi%2Fjdid%2Fjd_U740PJ2_bl%3Fw%3D400%26resmode%3Dsharp%26qlt%3D90%26fmt%3Djpg&w=3840&q=75
129,New Balance 740,Rp 1.899.000,(5/5),/_next/image?url=https%3A%2F%2Fimages.jdsports.id%2Fi%2Fjdid%2Fjd_U740JGB_bl%3Fw%3D400%26resmode%3Dsharp%26qlt%3D90%26fmt%3Djpg&w=3840&q=75
130,New Balance 740 Women's,Rp 1.899.000,,/_next/image?url=https%3A%2F%2Fimages.jdsports.id%2Fi%2Fjdid%2Fjd_U740IR2_bl%3Fw%3D400%26resmode%3Dsharp%26qlt%3D90%26fmt%3Djpg&w=3840&q=75
131,New Balance 204L,Rp 1.699.000,,/_next/image?url=https%3A%2F%2Fimages.jdsports.id%2Fi%2Fjdid%2Fjd_U204LSWA_bl%3Fw%3D400%26resmode%3Dsharp%26qlt%3D90%26fmt%3Djpg&w=3840&q=75
132,New Balance 1906,Rp 2.599.000,,/_next/image?url=https%3A%2F%2Fimages.jdsports.id%2Fi%2Fjdid%2Fjd_U1906WGS_bl%3Fw%3D400%26resmode%3Dsharp%26qlt%3D90%26fmt%3Djpg&w=3840&q=75
133,New Balance 1906,Rp 2.599.000,,/_next/image?url=https%3A%2F%2Fimages.jdsports.id%2Fi%2Fjdid%2Fjd_U1906RNG_bl%3Fw%3D400%26resmode%3Dsharp%26qlt%3D90%26fmt%3Djpg&w=3840&q=75
134,New Balance 530 Children,Rp 1.099.000,,/_next/image?url=https%3A%2F%2Fimages.jdsports.id%2Fi%2Fjdid%2Fjd_PZ530UK_bl%3Fw%3D400%26resmode%3Dsharp%26qlt%3D90%26fmt%3Djpg&w=3840&q=75
135,New Balance 530 Children,Rp 1.099.000,,/_next/image?url=https%3A%2F%2Fimages.jdsports.id%2Fi%2Fjdid%2Fjd_687083_bl%3Fw%3D400%26resmode%3Dsharp%26qlt%3D90%26fmt%3Djpg&w=3840&q=75
136,New Balance 530,Rp 1.699.000,(5/5),/_next/image?url=https%3A%2F%2Fimages.jdsports.id%2Fi%2Fjdid%2Fjd_MR530LB_bl%3Fw%3D400%26resmode%3Dsharp%26qlt%3D90%26fmt%3Djpg&w=3840&q=75
137,Salomon ACS+ GO,Rp 3.499.000,,/_next/image?url=https%3A%2F%2Fimages.jdsports.id%2Fi%2Fjdid%2Fjd_L47766700_bl%3Fw%3D400%26resmode%3Dsharp%26qlt%3D90%26fmt%3Djpg&w=3840&q=75
138,Salomon ACS+ OG ,Rp 3.499.000,(5/5),/_next/image?url=https%3A%2F%2Fimages.jdsports.id%2Fi%2Fjdid%2Fjd_L47766600_bl%3Fw%3D400%26resmode%3Dsharp%26qlt%3D90%26fmt%3Djpg&w=3840&q=75
139,Salomon ACS+ OG ,Rp 3.499.000,,/_next/image?url=https%3A%2F%2Fimages.jdsports.id%2Fi%2Fjdid%2Fjd_L47134400_bl%3Fw%3D400%26resmode%3Dsharp%26qlt%3D90%26fmt%3Djpg&w=3840&q=75
140,Salomon XT 6,Rp 3.899.000,,/_next/image?url=https%3A%2F%2Fimages.jdsports.id%2Fi%2Fjdid%2Fjd_375380_bl%3Fw%3D400%26resmode%3Dsharp%26qlt%3D90%26fmt%3Djpg&w=3840&q=75
141,Salomon XT 6 ,Rp 3.899.000,,/_next/image?url=https%3A%2F%2Fimages.jdsports.id%2Fi%2Fjdid%2Fjd_375378_bl%3Fw%3D400%26resmode%3Dsharp%26qlt%3D90%26fmt%3Djpg&w=3840&q=75
142,adidas Adizero Evo SL,Rp 2.500.000,(5/5),/_next/image?url=https%3A%2F%2Fimages.jdsports.id%2Fi%2Fjdid%2Fjd_KJ1364_bl%3Fw%3D400%26resmode%3Dsharp%26qlt%3D90%26fmt%3Djpg&w=3840&q=75
143,adidas Adizero Evo SL ,Rp 2.500.000,(5/5),/_next/image?url=https%3A%2F%2Fimages.jdsports.id%2Fi%2Fjdid%2Fjd_KJ1363_bl%3Fw%3D400%26resmode%3Dsharp%26qlt%3D90%26fmt%3Djpg&w=3840&q=75
